USE MPK

INSERT INTO Line (Id_line, Line_number) VALUES
(1, 100),
(2, 101),
(3, 102);

INSERT INTO LineStop (Id_stop, Name) VALUES
(1, 'Salwator'), -- 100
(2, 'Malczewskiego N¯'),
(3, 'Aleja Waszyngtona N¯'),
(4, 'Kopiec Koœciuszki'),
(5, 'Os.Podwawelskie'),
(6, 'Centrum Kongresowe'),
(7, 'Szwedzka'),
(8, 'Kapelanka'),
(9, 'Zieliñskiego'),
(10, 'Os.Kombatantów'),
(11, 'Rondo Piastowskie'),
(12, 'Dunikowskiego'),
(13, 'Arka'),
(14, 'Plac Centralny');

--for bus no 100

INSERT INTO Connection(Id_route, From_stop_id, To_stop_id, Transfer_time) VALUES
(1, 1, 2, '00:02:00'), -- Salwator - Malczewskiego
(2, 2, 3, '00:02:00'),
(3, 3, 4, '00:03:00'),
(4, 4, 4, '00:01:00'),
(5, 1, 1, '00:00:00'),
(6, 5, 6, '00:03:00'), -- 101
(7, 6, 7, '00:02:00'),
(8, 7, 8, '00:04:00'),
(9, 8, 9, '00:02:00'),
(10, 9, 2, '00:03:00'),
(11, 5, 5, '00:00:00');
-- 102
INSERT INTO Connection(Id_route, From_stop_id, To_stop_id, Transfer_time) VALUES
(12, 9, 10, '00:02:00'),
(13, 10, 11, '00:02:00'),
(14, 11, 12, '00:03:00'),
(15, 12, 13, '00:01:00'),
(16, 13, 14, '00:02:00'),
(16, 14, 14, '00:00:00'),
(17, 4, 9, '00:10:00');

INSERT INTO LineConnection(Id_route, Id_line, Stop_number) VALUES
(5, 1, 1), --Salwator - Salwator
(1, 1, 2),
(2, 1, 3), -- Malczewskiego - Aleja
(3, 1, 4), -- Aleja - Kopiec
(4, 1, 5), -- Kopiec - Kopiec
(11, 2, 1), --Podwawelskie - Podwawelskie --101
(5, 2, 2),
(6, 2, 3),
(7, 2, 4), -- Centrum Kongresowe - Szwedzka
(8, 2, 5), -- Szwedzka - Kapelanka
(9, 2, 6), --Kapelanka - Zieliñskiego
(10, 2, 7), -- Zieliñskiego - Malczewskiego
(2, 2, 8), -- Malczewskiego - Aleja
(3, 2, 9), -- Aleja - Kopiec
(4, 2, 10);-- Kopiec - Kopiec
INSERT INTO LineConnection(Id_route, Id_line, Stop_number) VALUES
(4, 3, 1),
(17, 3, 2),
(12, 3, 3),
(13, 3, 4),
(14, 3, 5), 
(15, 3, 6),
(16, 3, 7); 

--From Salwator
INSERT INTO LineDetails (Line_number, Starting_time, DayWeek, Direction) VALUES
-- Weekday
(100, '07:10:00', 'w', 0),
(100, '08:10:00', 'w', 0),
(100, '09:10:00', 'w', 0),
(100, '10:10:00', 'w', 0),
(100, '11:10:00', 'w', 0),
(100, '12:10:00', 'w', 0),
(100, '13:10:00', 'w', 0),
(100, '14:10:00', 'w', 0),
(100, '15:10:00', 'w', 0),
(100, '16:10:00', 'w', 0),
(100, '17:10:00', 'w', 0),
(100, '18:10:00', 'w', 0),
(100, '19:10:00', 'w', 0),
(100, '20:10:00', 'w', 0),
-- Holiday
(100, '07:10:00', 'h', 0),
(100, '08:10:00', 'h', 0),
(100, '09:10:00', 'h', 0),
(100, '10:10:00', 'h', 0),
(100, '11:10:00', 'h', 0),
(100, '12:10:00', 'h', 0),
(100, '13:10:00', 'h', 0),
(100, '14:10:00', 'h', 0),
(100, '15:10:00', 'h', 0),
(100, '16:10:00', 'h', 0),
(100, '17:10:00', 'h', 0),
(100, '18:10:00', 'h', 0),
(100, '19:10:00', 'h', 0),
--Saturday
(100, '07:12:00', 's', 0),
(100, '08:12:00', 's', 0),
(100, '09:14:00', 's', 0),
(100, '10:15:00', 's', 0),
(100, '11:16:00', 's', 0),
(100, '12:17:00', 's', 0),
(100, '13:18:00', 's', 0),
(100, '14:19:00', 's', 0),
(100, '15:12:00', 's', 0),
(100, '16:14:00', 's', 0),
(100, '17:16:00', 's', 0),
(100, '18:12:00', 's', 0),
(100, '19:13:00', 's', 0),
-- Weekday
(100, '07:10:00', 'w', 1),
(100, '08:54:00', 'w', 1),
(100, '09:54:00', 'w', 1),
(100, '10:21:00', 'w', 1),
(100, '11:54:00', 'w', 1),
(100, '12:21:00', 'w', 1),
(100, '13:54:00', 'w', 1),
(100, '14:21:00', 'w', 1),
(100, '15:54:00', 'w', 1),
(100, '16:21:00', 'w', 1),
(100, '17:54:00', 'w', 1),
(100, '18:54:00', 'w', 1),
(100, '19:21:00', 'w', 1),
(100, '20:54:00', 'w', 1),
-- Holiday
(100, '07:10:00', 'h', 1),
(100, '08:10:00', 'h', 1),
(100, '09:12:00', 'h', 1),
(100, '10:10:00', 'h', 1),
(100, '11:21:00', 'h', 1),
(100, '12:24:00', 'h', 1),
(100, '13:30:00', 'h', 1),
(100, '14:30:00', 'h', 1),
(100, '15:10:00', 'h', 1),
(100, '16:14:00', 'h', 1),
(100, '17:10:00', 'h', 1),
(100, '18:43:00', 'h', 1),
(100, '19:42:00', 'h', 1),
--Saturday
(100, '07:10:00', 's', 1),
(100, '08:10:00', 's', 1),
(100, '09:20:00', 's', 1),
(100, '10:30:00', 's', 1),
(100, '11:40:00', 's', 1),
(100, '12:20:00', 's', 1),
(100, '13:30:00', 's', 1),
(100, '14:20:00', 's', 1),
(100, '15:23:00', 's', 1),
(100, '16:45:00', 's', 1),
(100, '17:10:00', 's', 1),
(100, '18:40:00', 's', 1);

INSERT INTO LineDetails (Line_number, Starting_time, DayWeek, Direction) VALUES
-- Weekday
(101, '07:10:00', 'w', 0),
(101, '08:10:00', 'w', 0),
(101, '09:10:00', 'w', 0),
(101, '10:10:00', 'w', 0),
(101, '11:10:00', 'w', 0),
(101, '12:10:00', 'w', 0),
(101, '13:10:00', 'w', 0),
(101, '14:10:00', 'w', 0),
(101, '15:10:00', 'w', 0),
(101, '16:10:00', 'w', 0),
(101, '17:10:00', 'w', 0),
(101, '18:10:00', 'w', 0),
(101, '19:10:00', 'w', 0),
(101, '20:10:00', 'w', 0),
-- Holiday
(101, '07:10:00', 'h', 0),
(101, '08:10:00', 'h', 0),
(101, '09:10:00', 'h', 0),
(101, '10:10:00', 'h', 0),
(101, '11:10:00', 'h', 0),
(101, '12:10:00', 'h', 0),
(101, '13:10:00', 'h', 0),
(101, '14:10:00', 'h', 0),
--Saturday
(101, '07:12:00', 's', 0),
(101, '08:12:00', 's', 0),
(101, '09:14:00', 's', 0),
(101, '10:15:00', 's', 0),
(101, '11:16:00', 's', 0),
(101, '12:17:00', 's', 0),
-- Weekday
(101, '07:10:00', 'w', 1),
(101, '08:54:00', 'w', 1),
(101, '17:54:00', 'w', 1),
(101, '18:54:00', 'w', 1),
(101, '19:21:00', 'w', 1),
(101, '20:54:00', 'w', 1),
-- Holiday
(101, '07:10:00', 'h', 1),
(101, '08:10:00', 'h', 1),
(101, '09:12:00', 'h', 1),
(101, '10:10:00', 'h', 1),
(101, '11:21:00', 'h', 1),
(101, '19:42:00', 'h', 1),
--Saturday
(101, '07:10:00', 's', 1),
(101, '08:10:00', 's', 1),
(101, '09:20:00', 's', 1),
(101, '10:30:00', 's', 1),
(101, '11:40:00', 's', 1),
(101, '13:30:00', 's', 1),
(101, '18:40:00', 's', 1);